Designator,Val,Package,Mid X,Mid Y,Rotation,Layer
"D101","SM4007PL","D_SOD-123F",131.400000,-78.100000,90.000000,top
"D102","GREEN LED","LED_0603_1608Metric",136.730000,-86.370000,180.000000,top
"Q101","IRF5210STRLPBF","TO-263-2",124.550000,-77.450000,270.000000,top
"R101","10k","R_0603_1608Metric",137.700000,-75.300000,270.000000,top
"R102","1k","R_0603_1608Metric",136.130000,-75.300000,270.000000,top
"R103","1k","R_0603_1608Metric",134.440000,-85.610000,270.000000,top
"R901","220R","R_0603_1608Metric",134.440000,-82.600000,270.000000,top
"U101","EL3H7(C)(TA)-G","SOP-4_4.4x2.6mm_P1.27mm",136.900000,-81.290000,90.000000,top
