Designator,Val,Package,Mid X,Mid Y,Rotation,Layer
"C101","4.7uF","C_0603_1608Metric",129.520000,-93.830000,90.000000,top
"C102","33pF/50V","C_0603_1608Metric",134.540000,-97.790000,90.000000,top
"C103","33pF/50V","C_0603_1608Metric",129.510000,-97.780000,90.000000,top
"C104","33pF","C_0402_1005Metric",134.720000,-95.790000,0.000000,top
"C105","33pF","C_0402_1005Metric",129.350000,-95.800000,180.000000,top
"C305","100nF","C_0402_1005Metric",128.300000,-94.400000,90.000000,top
"FB101","GZ2012D101TF","L_0805_2012Metric",132.910000,-97.520000,90.000000,top
"FB102","GZ2012D101TF","L_0805_2012Metric",131.140000,-97.540000,90.000000,top
"U101","LIS2HH12","LGA-12_2x2mm_P0.5mm",132.010000,-93.870000,90.000000,top
